CAS,Name,Normalized_Name
100-18-5,P-diisopropylbenzene,p-diisopropylbenzene
100-21-0,Terephthalic acid,terephthalic acid
100-37-8,Diethylethanolamine,diethylethanolamine
100-41-4,Ethylbenzene,ethylbenzene
100-42-5,Styrene,styrene
100-51-6,Benzyl alcohol,benzyl alcohol
100-52-7,Benzaldehyde,benzaldehyde
100-66-3,Anisole,anisole
10024-97-2,Nitrous oxide,nitrous oxide
10028-15-6,Ozone,ozone
10034-85-2,Hydrogen iodide,hydrogen iodide
1004-66-6,"2,6-dimethylanisole","2,6-dimethylanisole"
101-84-8,Diphenyl ether,diphenyl ether
10102-43-9,Nitric oxide,nitric oxide
10102-44-0,Nitrogen dioxide,nitrogen dioxide
102-09-0,DiPhenyl Carbonate,diphenyl carbonate
102-71-6,Triethanolamine,triethanolamine
103-65-1,N-propylbenzene,n-propylbenzene
103-73-1,Phenetole,phenetole
104-51-8,N-butylbenzene,n-butylbenzene
10486-19-8,Tridecanal,tridecanal
105-05-5,P-diethylbenzene,p-diethylbenzene
105-58-8,DiEthyl Carbonate,diethyl carbonate
105-59-9,Methyl DiEthanolAmine,methyl diethanolamine
105-67-9,"2,4-xylenol","2,4-xylenol"
10544-72-6,Nitrogen tetroxide,nitrogen tetroxide
10544-73-7,Nitrogen trioxide,nitrogen trioxide
106-35-4,3-heptanone,3-heptanone
106-42-3,P-xylene,p-xylene
106-44-5,P-cresol,p-cresol
106-46-7,P-dichlorobenzene,p-dichlorobenzene
106-50-3,P-phenylenediamine,p-phenylenediamine
106-70-7,Methyl caproate,methyl caproate
106-97-8,N-butane,n-butane
106-98-9,1-butene,1-butene
106-99-0,"1,3-butadiene","1,3-butadiene"
1067-08-9,3-methyl-3-ethylpentane,3-methyl-3-ethylpentane
1067-20-5,"3,3-diethylpentane","3,3-diethylpentane"
107-00-6,Ethylacetylene,ethylacetylene
107-02-8,Acrolein,acrolein
107-03-9,N-propyl mercaptan,n-propyl mercaptan
107-06-2,"1,2-dichloroethane","1,2-dichloroethane"
107-07-3,2-chloroethanol,2-chloroethanol
107-12-0,Propionitrile,propionitrile
107-13-1,Acrylonitrile,acrylonitrile
107-15-3,Ethylenediamine,ethylenediamine
107-19-7,Propargyl alcohol,propargyl alcohol
107-21-1,Ethylene glycol,ethylene glycol
107-31-3,Methyl formate,methyl formate
107-83-5,2-methylpentane,2-methylpentane
107-87-9,2-pentanone,2-pentanone
107-92-6,N-butyric acid,n-butyric acid
107-98-2,Propylene glycol monomethyl ether,propylene glycol monomethyl ether
1070-87-7,"2,2,4,4-tetramethylpentane","2,2,4,4-tetramethylpentane"
1071-26-7,"2,2-dimethylheptane","2,2-dimethylheptane"
1074-43-7,1-methyl-3-n-propylbenzene,1-methyl-3-n-propylbenzene
1074-55-1,1-methyl-4-n-propylbenzene,1-methyl-4-n-propylbenzene
108-01-0,Dimethylethanolamine,dimethylethanolamine
108-03-2,1-nitropropane,1-nitropropane
108-05-4,Vinyl acetate,vinyl acetate
108-08-7,"2,4-dimethylpentane","2,4-dimethylpentane"
108-10-1,Methyl isobutyl ketone,methyl isobutyl ketone
108-18-9,Diisopropylamine,diisopropylamine
108-20-3,Diisopropyl ether,diisopropyl ether
108-21-4,Isopropyl acetate,isopropyl acetate
108-24-7,Acetic anhydride,acetic anhydride
108-31-6,Maleic anhydride,maleic anhydride
108-32-7,Propylene carbonate,propylene carbonate
108-38-3,M-xylene,m-xylene
108-39-4,M-cresol,m-cresol
108-48-5,"2,6-dimethylpyridine","2,6-dimethylpyridine"
108-59-8,Dimethylmalonate,dimethylmalonate
108-65-6,Propylene glycol monomethyl ether acetate,propylene glycol monomethyl ether acetate
108-67-8,Mesitylene,mesitylene
108-68-9,"3,5-xylenol","3,5-xylenol"
108-70-3,"1,3,5-trichlorobenzene","1,3,5-trichlorobenzene"
108-83-8,Diisobutyl ketone,diisobutyl ketone
108-86-1,Bromobenzene,bromobenzene
108-87-2,Methylcyclohexane,methylcyclohexane
108-88-3,Toluene,toluene
108-89-4,4-methylpyridine,4-methylpyridine
108-90-7,Monochlorobenzene,monochlorobenzene
108-93-0,Cyclohexanol,cyclohexanol
108-94-1,Cyclohexanone,cyclohexanone
108-95-2,Phenol,phenol
108-98-5,Phenyl mercaptan,phenyl mercaptan
108-99-6,3-methylpyridine,3-methylpyridine
109-06-8,2-methylpyridine,2-methylpyridine
109-60-4,N-propyl acetate,n-propyl acetate
109-66-0,N-pentane,n-pentane
109-67-1,1-pentene,1-pentene
109-83-1,Methylethanolamine,methylethanolamine
109-87-5,Methylal,methylal
109-89-7,Diethylamine,diethylamine
109-94-4,Ethyl formate,ethyl formate
109-99-9,Tetrahydrofuran,tetrahydrofuran
110-02-1,Thiophene,thiophene
110-06-5,Di-tert-butyl disulfide,di-tert-butyl disulfide
110-12-3,5-methyl-2-hexanone,5-methyl-2-hexanone
110-16-7,Maleic acid,maleic acid
110-19-0,Isobutyl acetate,isobutyl acetate
110-42-9,Methyl caprate,methyl caprate
110-43-0,2-heptanone,2-heptanone
110-54-3,N-hexane,n-hexane
110-62-3,Pentanal,pentanal
110-63-4,"1,4-butanediol","1,4-butanediol"
110-65-6,"2-butyne-1,4-diol","2-butyne-1,4-diol"
110-71-4,"1,2-dimethoxyethane","1,2-dimethoxyethane"
110-74-7,N-propyl formate,n-propyl formate
110-80-5,2-ethoxyethanol,2-ethoxyethanol
110-81-6,Diethyl disulfide,diethyl disulfide
110-82-7,Cyclohexane,cyclohexane
110-83-8,Cyclohexene,cyclohexene
110-85-0,Piperazine,piperazine
110-86-1,Pyridine,pyridine
110-97-4,Diisopropanolamine,diisopropanolamine
110-98-5,DiPropylene Glycol,dipropylene glycol
111-01-3,Squalane,squalane
111-11-5,Methyl caprylate,methyl caprylate
111-27-3,1-hexanol,1-hexanol
111-31-9,N-hexyl mercaptan,n-hexyl mercaptan
111-34-2,Butyl vinyl ether,butyl vinyl ether
111-40-0,Diethylenetriamine,diethylenetriamine
111-41-1,N-aminoethyl ethanolamine,n-aminoethyl ethanolamine
111-42-2,Diethanolamine,diethanolamine
111-46-6,Diethylene glycol,diethylene glycol
111-47-7,Di-n-propyl sulfide,di-n-propyl sulfide
111-65-9,N-octane,n-octane
111-66-0,1-octene,1-octene
111-70-6,1-heptanol,1-heptanol
111-71-7,Heptanal,heptanal
111-82-0,Methyl laurate,methyl laurate
111-84-2,N-nonane,n-nonane
111-87-5,1-octanol,1-octanol
111-96-6,Diethylene glycol dimethyl ether,diethylene glycol dimethyl ether
112-27-6,Triethylene glycol,triethylene glycol
112-30-1,1-decanol,1-decanol
112-31-2,Decanal,decanal
112-36-7,Diethylene glycol diethyl ether,diethylene glycol diethyl ether
112-39-0,Methyl palmitate,methyl palmitate
112-40-3,N-dodecane,n-dodecane
112-41-4,1-dodecene,1-dodecene
112-42-5,1-undecanol,1-undecanol
112-44-7,Undecanal,undecanal
112-49-2,Triethylene glycol dimethyl ether,triethylene glycol dimethyl ether
112-53-8,1-dodecanol,1-dodecanol
112-54-9,Dodecanal,dodecanal
112-60-7,Tetraethylene glycol,tetraethylene glycol
112-61-8,Methyl stearate,methyl stearate
112-62-9,Methyl oleate,methyl oleate
112-63-0,Methyl linoleate,methyl linoleate
112-70-9,1-tridecanol,1-tridecanol
112-72-1,1-tetradecanol,1-tetradecanol
112-80-1,Oleic acid,oleic acid
112-88-9,1-octadecene,1-octadecene
112-92-5,1-octadecanol,1-octadecanol
112-95-8,N-eicosane,n-eicosane
1120-21-4,N-undecane,n-undecane
1120-36-1,1-tetradecene,1-tetradecene
115-07-1,Propylene,propylene
115-10-6,Dimethyl ether,dimethyl ether
115-11-7,Isobutene,isobutene
118-90-1,O-toluic acid,o-toluic acid
118-96-7,"2,4,6-trinitrotoluene","2,4,6-trinitrotoluene"
1186-53-4,"2,2,3,4-tetramethylpentane","2,2,3,4-tetramethylpentane"
119-36-8,Methyl salicylate,methyl salicylate
1191-87-3,Pentaethylene glycol dimethyl ether,pentaethylene glycol dimethyl ether
1192-18-3,"Cis-1,2-dimethylcyclopentane","cis-1,2-dimethylcyclopentane"
120-61-6,Dimethyl terephthalate,dimethyl terephthalate
120-82-1,"1,2,4-trichlorobenzene","1,2,4-trichlorobenzene"
121-14-2,"2,4-dinitrotoluene","2,4-dinitrotoluene"
121-44-8,Triethylamine,triethylamine
122-32-7,Triolein,triolein
122-79-2,Phenyl acetate,phenyl acetate
122-97-4,3-phenyl-1-propanol,3-phenyl-1-propanol
123-19-3,4-heptanone,4-heptanone
123-38-6,Propanal,propanal
123-42-2,Diacetone alcohol,diacetone alcohol
123-63-7,Paraldehyde,paraldehyde
123-72-8,Butanal,butanal
123-86-4,N-butyl acetate,n-butyl acetate
123-91-1,"1,4-dioxane","1,4-dioxane"
124-04-9,Adipic acid,adipic acid
124-07-2,Caprylic acid,caprylic acid
124-10-7,Methyl myristate,methyl myristate
124-11-8,1-nonene,1-nonene
124-13-0,Octanal,octanal
124-18-5,N-decane,n-decane
124-19-6,Nonanal,nonanal
124-25-4,Tetradecanal,tetradecanal
124-38-9,Carbon dioxide,carbon dioxide
126-33-0,Sulfolane,sulfolane
126-98-7,Methacrylonitrile,methacrylonitrile
127-19-5,"N,n-dimethylacetamide","n,n-dimethylacetamide"
127-27-5,Pimaric acid,pimaric acid
129-00-0,Pyrene,pyrene
132259-10-0,Air,air
13286-92-5,Methyl t-pentyl sulfide,methyl t-pentyl sulfide
1333-74-0,Hydrogen,hydrogen
135-01-3,O-diethylbenzene,o-diethylbenzene
135-98-8,Sec-butylbenzene,sec-butylbenzene
13509-27-8,Methyl Phenyl Carbonate,methyl phenyl carbonate
137-32-6,2-methyl-1-butanol,2-methyl-1-butanol
140-10-3,t-Cinnamic acid,t-cinnamic acid
140-31-8,N-aminoethyl piperazine,n-aminoethyl piperazine
141-43-5,Monoethanolamine,monoethanolamine
141-78-6,Ethyl acetate,ethyl acetate
141-79-7,Mesityl oxide,mesityl oxide
141-82-2,Malonic acid,malonic acid
141-93-5,M-diethylbenzene,m-diethylbenzene
142-62-1,Caproic acid,caproic acid
142-82-5,N-heptane,n-heptane
142-92-7,N-hexyl acetate,n-hexyl acetate
142-96-1,Di-n-butyl ether,di-n-butyl ether
143-07-7,Lauric acid,lauric acid
143-08-8,1-nonanol,1-nonanol
143-24-8,Tetraethylene glycol dimethyl ether,tetraethylene glycol dimethyl ether
14371-10-9,t-Cinnamaldehyde,t-cinnamaldehyde
144-62-7,Oxalic acid,oxalic acid
14465-68-0,Trilenollenin,trilenollenin
1454-84-8,1-nonadecanol,1-nonadecanol
1454-85-9,1-heptadecanol,1-heptadecanol
15869-80-4,3-ethylheptane,3-ethylheptane
15869-85-9,5-methylnonane,5-methylnonane
15869-87-1,"2,2-dimethyloctane","2,2-dimethyloctane"
15870-10-7,2-methyl-1-heptene,2-methyl-1-heptene
1634-04-4,Methyl tert-butyl ether,methyl tert-butyl ether
1638-16-0,TriPropylene Glycol,tripropylene glycol
1638-26-2,"1,1-dimethylcyclopentane","1,1-dimethylcyclopentane"
1640-89-7,Ethylcyclopentane,ethylcyclopentane
16747-30-1,"2,4,4-trimethylhexane","2,4,4-trimethylhexane"
16747-38-9,"2,3,3,4-tetramethylpentane","2,3,3,4-tetramethylpentane"
16747-50-5,1-methyl-1-ethylcyclopentane,1-methyl-1-ethylcyclopentane
1678-91-7,Ethylcyclohexane,ethylcyclohexane
1678-92-8,N-propylcyclohexane,n-propylcyclohexane
1678-93-9,N-butylcyclohexane,n-butylcyclohexane
17301-94-9,4-methylnonane,4-methylnonane
17352-32-8,Nonadecanal,nonadecanal
1740-19-8,Dehydroabietic acid,dehydroabietic acid
1758-88-9,2-ethyl-p-xylene,2-ethyl-p-xylene
1759-58-6,"Trans-1,3-dimethylcyclopentane","trans-1,3-dimethylcyclopentane"
18094-01-4,2-methyl-1-tridecene,2-methyl-1-tridecene
18516-37-5,2-methyl-1-undecene,2-methyl-1-undecene
1860-27-1,Isopropyl butyl ether,isopropyl butyl ether
1945-53-5,Palustric acid,palustric acid
20333-39-5,Ethyl methyl disulfide,ethyl methyl disulfide
2040-95-1,N-butylcyclopentane,n-butylcyclopentane
2040-96-2,N-propylcyclopentane,n-propylcyclopentane
206-44-0,Fluoranthene,fluoranthene
21482-12-2,PentaPropylene Glycol,pentapropylene glycol
2177-47-1,2-methylindene,2-methylindene
218-01-9,Chrysene,chrysene
2207-01-4,"Cis-1,2-dimethylcyclohexane","cis-1,2-dimethylcyclohexane"
2207-03-6,"Trans-1,3-dimethylcyclohexane","trans-1,3-dimethylcyclohexane"
2207-04-7,"Trans-1,4-dimethylcyclohexane","trans-1,4-dimethylcyclohexane"
2216-33-3,3-methyloctane,3-methyloctane
2216-34-4,4-methyloctane,4-methyloctane
24800-25-7,TetraPropylene Glycol,tetrapropylene glycol
2532-58-3,"Cis-1,3-dimethylcyclopentane","cis-1,3-dimethylcyclopentane"
2551-62-4,Sulfur hexafluoride,sulfur hexafluoride
2615-15-8,HexaEthylene Glycol,hexaethylene glycol
2765-11-9,Pentadecanal,pentadecanal
287-23-0,Cyclobutane,cyclobutane
287-92-3,Cyclopentane,cyclopentane
2870-04-4,2-ethyl-m-xylene,2-ethyl-m-xylene
2980-71-4,2-methyl-1-nonene,2-methyl-1-nonene
29833-69-0,2-methyl-1-pentadecene,2-methyl-1-pentadecene
301-00-8,Methyl linolenate,methyl linolenate
30453-31-7,Ethyl propyl disulfide,ethyl propyl disulfide
3071-32-7,Ethylbenzene hydroperoxide,ethylbenzene hydroperoxide
3178-22-1,Tert-butylcyclohexane,tert-butylcyclohexane
3221-61-2,2-methyloctane,2-methyloctane
334-48-5,Capric acid,capric acid
3452-07-1,1-eicosene,1-eicosene
352-93-2,Diethyl sulfide,diethyl sulfide
3522-94-9,"2,2,5-trimethylhexane","2,2,5-trimethylhexane"
36653-82-4,1-hexadecanol,1-hexadecanol
3875-51-2,Isopropylcyclopentane,isopropylcyclopentane
3877-15-4,Methyl n-propyl sulfide,methyl n-propyl sulfide
3878-46-4,Ethyl Phenyl Carbonate,ethyl phenyl carbonate
4028-66-4,"2,4,6-trimethylanisole","2,4,6-trimethylanisole"
4050-45-7,Trans-2-hexene,trans-2-hexene
42764-74-9,2-methyl-1-heptadecene,2-methyl-1-heptadecene
4286-23-1,P-isopropenyl phenol,p-isopropenyl phenol
4394-85-8,4-formylmorpholine,4-formylmorpholine
4433-56-1,"Ethane-1,1-diol","ethane-1,1-diol"
463-40-1,Linolenic acid,linolenic acid
463-49-0,Propadiene,propadiene
463-51-4,Ketene,ketene
463-57-0,Methane-diol,methane-diol
463-58-1,Carbonyl sulfide,carbonyl sulfide
463-82-1,Neopentane,neopentane
464-06-2,"2,2,3-trimethylbutane","2,2,3-trimethylbutane"
471-77-2,Neoabietic acid,neoabietic acid
4780-79-4,1-Naphthalenemethanol,1-naphthalenemethanol
4792-15-8,PentaEthylene Glycol,pentaethylene glycol
488-23-3,"1,2,3,4-tetramethylbenzene","1,2,3,4-tetramethylbenzene"
493-01-6,Cis-decahydronaphthalene,cis-decahydronaphthalene
493-02-7,Trans-decahydronaphthalene,trans-decahydronaphthalene
496-11-7,Indane,indane
496-16-2,"2,3-dihydrobenzofuran","2,3-dihydrobenzofuran"
50-00-0,Formaldehyde,formaldehyde
503-17-3,Dimethylacetylene,dimethylacetylene
506-30-9,Arachidic acid,arachidic acid
513-35-9,2-methyl-2-butene,2-methyl-2-butene
513-44-0,Isobutyl mercaptan,isobutyl mercaptan
513-53-1,Sec-butyl mercaptan,sec-butyl mercaptan
514-10-3,Abietic acid,abietic acid
52254-50-9,2-methyl-1-nonadecene,2-methyl-1-nonadecene
526-73-8,"1,2,3-trimethylbenzene","1,2,3-trimethylbenzene"
526-75-0,"2,3-xylenol","2,3-xylenol"
527-53-7,"1,2,3,5-tetramethylbenzene","1,2,3,5-tetramethylbenzene"
527-60-6,Mesitol,mesitol
527-84-4,O-cymene,o-cymene
535-77-3,M-cymene,m-cymene
537-40-6,Trilinolein,trilinolein
53716-82-8,Cyrene,cyrene
538-23-8,Tricaprylin,tricaprylin
538-24-9,Trilaurin,trilaurin
538-93-2,Isobutylbenzene,isobutylbenzene
540-67-0,Methyl ethyl ether,methyl ethyl ether
540-84-1,"2,2,4-trimethylpentane","2,2,4-trimethylpentane"
541-73-1,M-dichlorobenzene,m-dichlorobenzene
542-52-9,DiButyl Carbonate,dibutyl carbonate
544-63-8,Myristic acid,myristic acid
544-76-3,N-hexadecane,n-hexadecane
554-12-1,Methyl propionate,methyl propionate
555-43-1,Tristearin,tristearin
555-44-2,Tripalmitin,tripalmitin
555-45-3,Trimyristin,trimyristin
557-17-5,Methyl n-propyl ether,methyl n-propyl ether
56-23-5,Carbon tetrachloride,carbon tetrachloride
56-81-5,Glycerol,glycerol
560-21-4,"2,3,3-trimethylpentane","2,3,3-trimethylpentane"
562-49-2,"3,3-dimethylpentane","3,3-dimethylpentane"
563-16-6,"3,3-dimethylhexane","3,3-dimethylhexane"
563-45-1,3-methyl-1-butene,3-methyl-1-butene
563-46-2,2-methyl-1-butene,2-methyl-1-butene
563-80-4,Methyl isopropyl ketone,methyl isopropyl ketone
564-02-3,"2,2,3-trimethylpentane","2,2,3-trimethylpentane"
565-59-3,"2,3-dimethylpentane","2,3-dimethylpentane"
565-75-3,"2,3,4-trimethylpentane","2,3,4-trimethylpentane"
565-80-0,Diisopropyl ketone,diisopropyl ketone
57-10-3,Palmitic acid,palmitic acid
57-11-4,Stearic acid,stearic acid
57-55-6,"1,2-propylene glycol","1,2-propylene glycol"
576-26-1,"2,6-xylenol","2,6-xylenol"
578-58-5,2-methylanisole,2-methylanisole
583-48-2,"3,4-dimethylhexane","3,4-dimethylhexane"
5835-26-7,Isopimaric acid,isopimaric acid
584-94-1,"2,3-dimethylhexane","2,3-dimethylhexane"
589-34-4,3-methylhexane,3-methylhexane
589-38-8,3-hexanone,3-hexanone
589-43-5,"2,4-dimethylhexane","2,4-dimethylhexane"
589-53-7,4-methylheptane,4-methylheptane
589-81-1,3-methylheptane,3-methylheptane
589-93-5,"2,5-dimethylpyridine","2,5-dimethylpyridine"
590-18-1,Cis-2-butene,cis-2-butene
590-19-2,"1,2-butadiene","1,2-butadiene"
590-35-2,"2,2-dimethylpentane","2,2-dimethylpentane"
590-66-9,"1,1-dimethylcyclohexane","1,1-dimethylcyclohexane"
590-73-8,"2,2-dimethylhexane","2,2-dimethylhexane"
591-50-4,Iodobenzene,iodobenzene
591-76-4,2-methylhexane,2-methylhexane
591-78-6,2-hexanone,2-hexanone
5911-04-6,3-methylnonane,3-methylnonane
592-13-2,"2,5-dimethylhexane","2,5-dimethylhexane"
592-27-8,2-methylheptane,2-methylheptane
592-41-6,1-hexene,1-hexene
592-76-7,1-heptene,1-heptene
593-45-3,N-octadecane,n-octadecane
593-49-7,N-heptacosane,n-heptacosane
594-82-1,"2,2,3,3-tetramethylbutane","2,2,3,3-tetramethylbutane"
598-53-8,Methyl isopropyl ether,methyl isopropyl ether
599-64-4,P-cumylphenol,p-cumylphenol
60-29-7,Diethyl ether,diethyl ether
60-33-3,Linoleic acid,linoleic acid
6032-29-7,2-pentanol,2-pentanol
605-02-7,1-phenylnaphthalene,1-phenylnaphthalene
606-20-2,"2,6-dinitrotoluene","2,6-dinitrotoluene"
609-26-7,2-methyl-3-ethylpentane,2-methyl-3-ethylpentane
610-39-9,"3,4-dinitrotoluene","3,4-dinitrotoluene"
611-14-3,O-ethyltoluene,o-ethyltoluene
616-38-6,Dimethyl carbonate,dimethyl carbonate
6163-64-0,Methyl t-butyl sulfide,methyl t-butyl sulfide
617-78-7,3-ethylpentane,3-ethylpentane
618-85-9,"3,5-dinitrotoluene","3,5-dinitrotoluene"
619-15-8,"2,5-dinitrotoluene","2,5-dinitrotoluene"
619-99-8,3-ethylhexane,3-ethylhexane
62-53-3,Aniline,aniline
620-14-4,M-ethyltoluene,m-ethyltoluene
621-71-6,Tricaprin,tricaprin
622-96-8,P-ethyltoluene,p-ethyltoluene
623-36-9,2-methyl-2-pentenal,2-methyl-2-pentenal
623-53-0,Methyl Ethyl Carbonate,methyl ethyl carbonate
624-29-3,"Cis-1,4-dimethylcyclohexane","cis-1,4-dimethylcyclohexane"
624-64-6,Trans-2-butene,trans-2-butene
624-89-5,Methyl ethyl sulfide,methyl ethyl sulfide
624-92-0,Dimethyl disulfide,dimethyl disulfide
625-25-2,2-Methyl-2-Heptanol,2-methyl-2-heptanol
625-44-5,Methyl isobutyl ether,methyl isobutyl ether
627-05-4,1-nitrobutane,1-nitrobutane
627-20-3,Cis-2-pentene,cis-2-pentene
628-63-7,N-pentyl acetate,n-pentyl acetate
629-19-6,Di-n-propyl disulfide,di-n-propyl disulfide
629-50-5,N-tridecane,n-tridecane
629-59-4,N-tetradecane,n-tetradecane
629-62-9,N-pentadecane,n-pentadecane
629-73-2,1-hexadecene,1-hexadecene
629-76-5,1-pentadecanol,1-pentadecanol
629-78-7,N-heptadecane,n-heptadecane
629-80-1,Hexadecanal,hexadecanal
629-90-3,Heptadecanal,heptadecanal
629-92-5,N-nonadecane,n-nonadecane
629-94-7,N-heneicosane,n-heneicosane
629-96-9,1-eicosanol,1-eicosanol
629-97-0,N-docosane,n-docosane
629-99-2,N-pentacosane,n-pentacosane
630-01-3,N-hexacosane,n-hexacosane
630-02-4,N-octacosane,n-octacosane
630-03-5,N-nonacosane,n-nonacosane
630-08-0,Carbon monoxide,carbon monoxide
637-92-3,Tert-butyl ethyl ether,tert-butyl ethyl ether
638-04-0,"Cis-1,3-dimethylcyclohexane","cis-1,3-dimethylcyclohexane"
638-66-4,Octadecanal,octadecanal
638-67-5,N-tricosane,n-tricosane
64-17-5,Ethanol,ethanol
64-18-6,Formic acid,formic acid
64-19-7,Acetic acid,acetic acid
646-04-8,Trans-2-pentene,trans-2-pentene
646-31-1,N-tetracosane,n-tetracosane
65-85-0,Benzoic acid,benzoic acid
66-25-1,Hexanal,hexanal
67-56-1,Methanol,methanol
67-63-0,Isopropanol,isopropanol
67-64-1,Acetone,acetone
67-66-3,Chloroform,chloroform
67-68-5,Dimethyl sulfoxide,dimethyl sulfoxide
674-76-0,4-methyl-trans-2-pentene,4-methyl-trans-2-pentene
68-12-2,"N,n-dimethylformamide","n,n-dimethylformamide"
6863-58-7,Di-sec-butyl ether,di-sec-butyl ether
6876-23-9,"Trans-1,2-dimethylcyclohexane","trans-1,2-dimethylcyclohexane"
689-97-4,Vinylacetylene,vinylacetylene
69-72-7,Salicylic acid,salicylic acid
691-38-3,4-methyl-cis-2-pentene,4-methyl-cis-2-pentene
71-23-8,1-propanol,1-propanol
71-36-3,1-butanol,1-butanol
71-41-0,1-pentanol,1-pentanol
71-43-2,Benzene,benzene
7154-79-2,"2,2,3,3-tetramethylpentane","2,2,3,3-tetramethylpentane"
7154-80-5,"3,3,5-trimethylheptane","3,3,5-trimethylheptane"
74-82-8,Methane,methane
74-84-0,Ethane,ethane
74-85-1,Ethylene,ethylene
74-86-2,Acetylene,acetylene
74-87-3,Methyl chloride,methyl chloride
74-88-4,Methyl iodide,methyl iodide
74-89-5,Methylamine,methylamine
74-90-8,Hydrogen cyanide,hydrogen cyanide
74-93-1,Methyl mercaptan,methyl mercaptan
74-98-6,Propane,propane
74-99-7,Methylacetylene,methylacetylene
74388-92-4,HexaPropylene Glycol,hexapropylene glycol
7439-90-9,Krypton,krypton
7439-97-6,Mercury,mercury
7440-01-9,Neon,neon
7440-37-1,Argon,argon
7440-59-7,Helium-4,helium-4
7440-63-3,Xenon,xenon
7446-09-5,Sulfur dioxide,sulfur dioxide
7446-11-9,Sulfur trioxide,sulfur trioxide
75-00-3,Ethyl chloride,ethyl chloride
75-01-4,Vinyl chloride,vinyl chloride
75-04-7,Ethylamine,ethylamine
75-05-8,Acetonitrile,acetonitrile
75-07-0,Acetaldehyde,acetaldehyde
75-08-1,Ethyl mercaptan,ethyl mercaptan
75-09-2,Dichloromethane,dichloromethane
75-15-0,Carbon disulfide,carbon disulfide
75-18-3,Dimethyl sulfide,dimethyl sulfide
75-21-8,Ethylene oxide,ethylene oxide
75-28-5,Isobutane,isobutane
75-31-0,Isopropylamine,isopropylamine
75-33-2,Isopropyl mercaptan,isopropyl mercaptan
75-34-3,"1,1-dichloroethane","1,1-dichloroethane"
75-36-5,Acetyl chloride,acetyl chloride
75-44-5,Phosgene,phosgene
75-50-3,Trimethylamine,trimethylamine
75-52-5,Nitromethane,nitromethane
75-56-9,"1,2-propylene oxide","1,2-propylene oxide"
75-65-0,2-methyl-2-propanol,2-methyl-2-propanol
75-66-1,Tert-butyl mercaptan,tert-butyl mercaptan
75-83-2,"2,2-dimethylbutane","2,2-dimethylbutane"
75-84-3,"2,2-dimethyl-1-propanol","2,2-dimethyl-1-propanol"
75-85-4,2-methyl-2-butanol,2-methyl-2-butanol
75-87-6,Trichloroacetaldehyde,trichloroacetaldehyde
75-97-8,"3,3-dimethyl-2-butanone","3,3-dimethyl-2-butanone"
76-02-8,Trichloroacetyl chloride,trichloroacetyl chloride
763-29-1,2-methyl-1-pentene,2-methyl-1-pentene
7647-01-0,Hydrogen chloride,hydrogen chloride
76589-16-7,2-Methoxy-2-Methyl-Heptane,2-methoxy-2-methyl-heptane
7664-41-7,Ammonia,ammonia
767-59-9,1-methylindene,1-methylindene
7688-21-3,Cis-2-hexene,cis-2-hexene
7697-37-2,Nitric acid,nitric acid
77-73-6,Dicyclopentadiene,dicyclopentadiene
7722-84-1,Hydrogen peroxide,hydrogen peroxide
7726-95-6,Bromine,bromine
7727-37-9,Nitrogen,nitrogen
7732-18-5,Water,water
7782-41-4,Fluorine,fluorine
7782-44-7,Oxygen,oxygen
7782-50-5,Chlorine,chlorine
7783-06-4,Hydrogen sulfide,hydrogen sulfide
78-78-4,Isopentane,isopentane
78-79-5,Isoprene,isoprene
78-83-1,2-methyl-1-propanol,2-methyl-1-propanol
78-84-2,2-methylpropanal,2-methylpropanal
78-92-2,2-butanol,2-butanol
78-93-3,Methyl ethyl ketone,methyl ethyl ketone
79-00-5,"1,1,2-trichloroethane","1,1,2-trichloroethane"
79-01-6,Trichloroethylene,trichloroethylene
79-02-7,Dichloroacetaldehyde,dichloroacetaldehyde
79-09-4,Propionic acid,propionic acid
79-10-7,Acrylic acid,acrylic acid
79-20-9,Methyl acetate,methyl acetate
79-24-3,Nitroethane,nitroethane
79-29-8,"2,3-dimethylbutane","2,3-dimethylbutane"
79-36-7,Dichloroacetyl chloride,dichloroacetyl chloride
79-41-4,Methacrylic acid,methacrylic acid
79-46-9,2-nitropropane,2-nitropropane
80-05-7,Bisphenol a,bisphenol a
80-15-9,Cumene hydroperoxide,cumene hydroperoxide
80-43-3,Dicumyl peroxide,dicumyl peroxide
80-56-8,Alpha-pinene,alpha-pinene
80-62-6,Methyl methacrylate,methyl methacrylate
811-97-2,"1,1,1,2-tetrafluoroethane","1,1,1,2-tetrafluoroethane"
821-95-4,1-undecene,1-undecene
822-50-4,"Trans-1,2-dimethylcyclopentane","trans-1,2-dimethylcyclopentane"
83-32-9,Acenaphthene,acenaphthene
83-46-5,Sitosterol,sitosterol
837-08-1,"O,p-bisphenol a","o,p-bisphenol a"
85-01-8,Phenanthrene,phenanthrene
86-73-7,Fluorene,fluorene
87-61-6,"1,2,3-trichlorobenzene","1,2,3-trichlorobenzene"
871-83-0,2-methylnonane,2-methylnonane
872-05-9,1-decene,1-decene
872-50-4,N-methyl-2-pyrrolidone,n-methyl-2-pyrrolidone
874-41-9,4-ethyl-m-xylene,4-ethyl-m-xylene
88-72-2,O-nitrotoluene,o-nitrotoluene
88-99-3,Phthalic acid,phthalic acid
882-33-7,Diphenyl disulfide,diphenyl disulfide
90-00-6,o-ethylphenol,o-ethylphenol
90-12-0,1-methylnaphthalene,1-methylnaphthalene
91-20-3,Naphthalene,naphthalene
91-57-6,2-methylnaphthalene,2-methylnaphthalene
919-94-8,Ethyl tert-pentyl ether,ethyl tert-pentyl ether
92-52-4,Biphenyl,biphenyl
93-89-0,Ethyl benzoate,ethyl benzoate
934-80-5,4-ethyl-o-xylene,4-ethyl-o-xylene
94-36-0,Benzoyl peroxide,benzoyl peroxide
95-13-6,Indene,indene
95-15-8,Benzothiophene,benzothiophene
95-47-6,O-xylene,o-xylene
95-48-7,O-cresol,o-cresol
95-50-1,O-dichlorobenzene,o-dichlorobenzene
95-63-6,"1,2,4-trimethylbenzene","1,2,4-trimethylbenzene"
95-65-8,"3,4-xylenol","3,4-xylenol"
95-87-4,"2,5-xylenol","2,5-xylenol"
95-93-2,"1,2,4,5-tetramethylbenzene","1,2,4,5-tetramethylbenzene"
96-14-0,3-methylpentane,3-methylpentane
96-22-0,3-pentanone,3-pentanone
96-37-7,Methylcyclopentane,methylcyclopentane
96-49-1,Ethylene carbonate,ethylene carbonate
98-01-1,Furfural,furfural
98-06-6,Tert-butylbenzene,tert-butylbenzene
98-49-7,P-diisopropylbenzene hydroperoxide,p-diisopropylbenzene hydroperoxide
98-55-5,Alpha-terpineol,alpha-terpineol
98-82-8,Cumene,cumene
98-95-3,Nitrobenzene,nitrobenzene
99-08-1,M-nitrotoluene,m-nitrotoluene
99-86-5,Alpha-terpinene,alpha-terpinene
99-87-6,P-cymene,p-cymene
99-94-5,P-toluic acid,p-toluic acid
99-99-0,P-nitrotoluene,p-nitrotoluene
994-05-8,Methyl tert-pentyl ether,methyl tert-pentyl ether
1333-74-0o,ortho-Hydrogen,ortho-hydrogen
1333-74-0p,para-Hydrogen,para-hydrogen
